Feature,RF_Importance,GBR_Importance
AI_AssistanceLevel,0.7957668634216966,0.9231247579930241
SessionLengthMin,0.1343763487563849,0.05581535003846804
TotalPrompts,0.029634487797934272,0.009459422592828509
TaskType_Encoded,0.02593417743598762,0.008014583650089986
StudentLevel_Encoded,0.01428812258799674,0.0035858857255894718
