Model,R² Score,RMSE,MAE
Random Forest (Original),0.5835685583833671,0.7370784783549383,0.5887435563937203
Random Forest (Tuned),0.6019117371536258,0.7206620636280023,0.5772740147377255
Gradient Boosting (Original),0.6015521609942335,0.7209874618270026,0.5791525765554805
Gradient Boosting (Tuned),0.6104539467789729,0.7128881220547185,0.5719893920247262
